Manifesto,Cost (£bn),Benefits (£bn),Taxes (£bn),Poverty Impact (%),Child Poverty Impact (%),Adult Poverty Impact (%),Senior Poverty Impact (%),Gini Index Impact (%)
Conservative,-1621483568.053711,-11149793296.390808,-12771277404.602234,5.220621877867947,3.4172209174623243,3.945586545600975,16.14390370299125,0.0
Labour,3313246685.899414,4195599274.522522,7508854255.929626,-2.0316731190652537,-1.306706863471261,-2.2240416922341706,-3.006286578442853,0.0
Liberal Democrat,-81867704.40991211,26630686884.069427,26548816991.81311,-16.744554755098946,-24.49727478718991,-12.00820245254893,-11.936459867073788,0.0
